{"android_play_store_link": "https://play.google.com/store/apps/details?id=com.wastickerapps.stickerstore&pcampaignid=fdl_short&url=https://stickify.app/stickerpack?id%3DCuteChristmas&referrer=utm_source%3Did_CuteChristmas", "ios_app_store_link": "", "sticker_packs": [{"identifier": "CuteChristmas", "name": "Cute Christmas", "tray_image_file": "tray.webp", "publisher": "Stickify Store", "publisher_full": "Sofia", "publisher_email": "", "publisher_website": "", "privacy_policy_website": "", "license_agreement_website": "", "share_url": "https://stickify.page.link/wV5D", "stickers": [{"image_file": "0.webp", "emojis": ["\ud83d\ude02"]}, {"image_file": "1.webp", "emojis": ["\ud83d\ude0d"]}, {"image_file": "2.webp", "emojis": ["\ud83d\ude0a"]}, {"image_file": "3.webp", "emojis": ["\ud83d\udc4d"]}, {"image_file": "4.webp", "emojis": ["\ud83d\ude0a"]}, {"image_file": "5.webp", "emojis": ["\ud83e\udd14"]}, {"image_file": "6.webp", "emojis": ["\ud83d\udd25"]}, {"image_file": "7.webp", "emojis": ["\ud83d\ude18"]}]}]}